{
  "last_intensity": 0.7997855083332979,
  "last_coherence": 0.9993486345608359,
  "timestamp": "2026-01-14T22:04:48.289005+00:00"
}